Mahalia,Beckham
Linn,Meddemmen
Alie,Bente
Annora,Sycamore
Pat,Piller
Ros,Whiteside
Alden,Warnes
Derron,Billion
Garald,Kassman
Jemima,Gealy
Payton,Herculson
Kearney,Healing
Merla,Cogzell
Patsy,Mammatt
Adam,Cruden
Babbie,Glasspool
Kitty,Diment
Vinny,Mc Grath
Shepherd,Hunnisett
Baird,Seiffert
Raimund,Berthome
Alister,Ashplant
Cully,Brayshaw
Johnny,Buswell
Codi,Applebee
Blanche,Millership
Renae,Fidal
Rachael,Spillane
Guglielma,Pringell
Teddi,Veldman
Adah,Gladdin
Alick,Klosges
Morse,Harsnipe
Karim,Trinbey
Fedora,Heindl
Crin,Pescod
Celeste,Tallet
Dorian,Koomar
Ellerey,Marcum
Mart,Reichartz
Cosme,Trynor
Paulita,Fance
Fannie,Sear
Katheryn,Wark
Sydney,Balffye
Cad,Miroy
Ambrose,Avory
Nina,Whitta
Brittan,Cicchetto
Lorelle,Spinetti
Darren,Prozescky
Winnah,Rodliff
Kevyn,Loveridge
Nerte,Frankling
Norah,Surgeoner
Luca,Awcock
Chastity,Baptie
Kylila,Judron
Ursula,MacGregor
Gusella,Fleet
Oralie,Peter
Whitaker,Bech
Alex,Lougheid
Aliza,Yeell
Mile,Rehor
Valle,Stede
Becki,Coolson
Farris,Langdridge
Robinett,Wilds
Bonnie,Wetwood
Andromache,Jilkes
Jeff,Tanton
Fleming,Jacqueminet
Leisha,Tander
Lucais,Mearing
Ofella,Pitrasso
Skipp,Serle
Abbott,Witten
Wayland,Revett
Tonie,Gheerhaert
Marne,Loche
Leonerd,Beardow
Georgi,Twiggins
Sabra,Kiley
Reynold,Farnhill
Stormi,Drysdell
Kienan,Taveriner
Lib,Loffhead
Philomena,Chaplain
Helge,Patters
Clevie,Gerriessen
Aurlie,Byfford
Ted,Robertsen
Edan,Heining
Isak,Oakenfield
Kissiah,DAlesco
Dorthea,Ogles
Saunders,Esel
Lillis,Digginson
Shani,Kenner
Yankee,Gibbins
Bonnibelle,Flear
Tori,Truran
Alvan,Hofton
Alidia,Hentzeler
Herman,Mustill
Faina,Rhodes
Thorin,Brandsen
Yetty,Ormrod
Prudence,Waller-Bridge
Sarena,Willman
Daffi,De La Salle
Ardis,Toller
Jessalyn,Sabben
Tailor,Dorling
Desiree,Gleave
Polly,Tulk
Shirleen,Traise
Elmer,Leadley
Chrotoem,Bartkowiak
Kathrine,Brambell
Fanchette,Creboe
Daisi,Tocque
Susannah,Beades
Bryna,Ingarfill
Donny,Jovovic
Olin,Oxborough
Gerek,Porter
Lara,Blesing
Pavlov,Elder
Wandis,Stanyland
Guilbert,Slemmonds
Celinka,Dantesia
Henryetta,Bownes
Nanette,Carverhill
Kennith,Bartolomivis
Rawley,Beachem
Jaquenette,Neames
Shell,Cuseick
Padriac,Bramham
Hugo,Jellings
Xaviera,Woodwin
Boonie,Michel
Janna,Kovacs
Elizabet,Daviot
Hugibert,Dranfield
Quinn,Litt
Terrance,Enser
Valentine,Michel
Boycie,Edis
Luz,Meldon
Amelina,McCool
Genevra,Chilcotte
Rickey,Scoles
Chandra,Saunder
Ivie,Devonport
Mack,Leisk
Guillermo,Stollenbeck
Lombard,Watson-Brown
Gonzales,Kniveton
Kerwin,Annon
Georgeanna,Beynkn
Milty,Kingsnoad
Carce,Bau
Hallie,Coxhead
Gilda,McOrkil
Dannie,Hrinchishin
Tristan,Brian
Linnie,Sultana
Terry,Codron
Allister,Willox
Carey,Seals
Packston,Cossom
Rich,Itter
Janella,Farington
Zebedee,Ventum
Marlane,Halcro
Nessi,Roglieri
Stacee,Houson
Honey,Byrne
Karoline,Skellen
Freeland,Ronayne
Briney,Pennyman
Patty,Mathwen
Ondrea,Pattullo
Nanine,Craighead
Harmonia,Mustill
Marcos,Crosthwaite
Emlynn,Mathevet
Ansley,Finn
Jerrilyn,Ambrogiotti
Carmina,Norvell
Nancie,Hannah
Lancelot,Redwall
Arluene,Babbidge
Alyce,Astill
Nathanial,Szwandt
Conway,Izzett
Lorne,Scraney
Leon,Critchley
Adolf,Closs
Carmencita,Humbie
Lynnette,Cripin
Marillin,Wiz
Tybie,Fosse
Madelena,Soldi
Brandy,Tollow
Inna,Fasham
Ryun,McCarrison
Laverne,Derrell
Edyth,Keeves
Marlowe,Rodmell
Giulietta,Piele
Arlana,Winman
Town,Sleicht
Tyrone,Ezzy
Paulette,McCrudden
Lesley,Tonge
Kendrick,Rignall
Cara,Kinkaid
Kassey,Pennycock
Dorrie,Artrick
Raf,Alleburton
Cheryl,Mirfin
Terrie,Demare
Romona,Christley
Beret,Veare
Immanuel,Whitmore
Sheela,Jarvie
Wynne,Travers
Gabbie,Dadson
Loraine,Moyes
Jerald,Degoix
Hyatt,Tootal
Mill,Simenon
Kenneth,Giorgione
Wash,Mourant
Zebulon,Crevagh
Felicle,Menham
Mitchell,Leythley
Kory,Eggar
Salome,Seiter
Yoshiko,Keller
Artemis,Kefford
Ingaborg,Jeduch
Kerri,Ide
Mathilde,Lankham
Cyrillus,Smead
Penn,Glassopp
Roana,Hasty
Rod,Klaffs
Raye,Blitz
Janina,Graundisson
Kath,Doak
Kristo,Newarte
Jacques,Hardi
Twyla,Jeppe
Eveleen,Billsberry
Jasun,Breakey
Aile,Aronovich
Woodman,Harriskine
Germaine,Sonschein
Meriel,Hillitt
Joelly,Cavie
Wrennie,Benoy
Jedd,Glasper
Brucie,Rennie
Kristien,Luckman
Lothaire,Archibould
Jeffry,Stillmann
Lishe,Thoma
Forrest,Kinnerley
Jaymee,Goshawk
Meggi,Stubbes
Alayne,Seeman
Damien,Wharton
Gertrudis,Beartup
Lamont,Croux
Maude,Aldwick
Coraline,FitzGibbon
Malvina,Stone Fewings
Gayleen,Aim
Korie,McGilvra
Harriet,Nuccitelli
Cathe,Worsnup
Prescott,Enrietto
Jake,Kinforth
Paxton,Aggas
Elianore,Ovize
Eran,Bauchop
Jessi,Goly
Miriam,Gerault
Otes,Beevors
Colline,Dymocke
Brittany,Orrick
Aurelie,Gilhouley
Shelton,Hakes
Kaleena,Tivnan
Rawley,Rees
Brod,Dael
Cull,Seckom
Sheilakathryn,Lukesch
Fowler,Ravel
Tiebout,Penhalurick
Brade,Kiraly
Thornton,Cressey
Cicily,Craigg
Nicolina,Ley
Willard,O Dooley
Tanny,Corday
Gerardo,Abrehart
Derek,Nisbet
Mellisent,Torn
Vinny,Skoggins
Juieta,Mulkerrins
Deina,Cammack
Valery,Peatman
Gretel,Barrar
Myrtia,Heisler
Thornie,Rengger
Malissa,Malenoir
Darrick,Corroyer
Hillier,Slewcock
Candace,Boothroyd
Loren,De Cristoforo
Dennie,Zienkiewicz
Erma,Guilaem
Ellswerth,Copland
Garvey,Gleed
Diane,Steynor
Panchito,Corbitt
Rochester,Gerson
Lenette,Powton
Alic,Romaint
Elisa,Dilston
Nikkie,Pariso
Grady,Clausen-Thue
Wolf,Otson
Cristen,Balch
Tonye,Coleyshaw
Consolata,Bagger
Tatum,Fessby
Ethelind,Swindle
Sofie,Hemstead
Georgianna,Geraudy
Maryanne,Tainton
Shawn,Gierth
Diandra,Blenkhorn
Chiarra,Tomkys
Roxi,Terbrug
Thatch,Sandcraft
Emma,Ardern
Kare,Setterthwait
Connor,Marzella
Chelsey,McClunaghan
Caty,Tott
Shawna,Callacher
Ted,Cuddehay
Janis,Thunnercliff
Tracey,Ibbott
Tisha,Dunkersley
Dewey,Pollendine
Karyl,Midlar
Lem,Gibbieson
Delly,MacSwayde
Lidia,Astie
Joline,Crimin
Caddric,Andresen
Carolina,Cogswell
Margaux,Shelp
Ryon,Smithe
Inesita,Grubbe
Harriot,Gudd
Corrie,Hymor
Suzy,Camplen
Orren,Bagger
Chickie,Crucetti
Sara-ann,Fackrell
Ambrosi,OGiany
Engracia,Josephi
Adora,Reed
Maia,Lionel
Trueman,Coburn
Melinde,Gaitung
Ronica,Cinavas
Ysabel,Wise
Gabriela,Jendas
Dionysus,Petre
Sibylla,Fehners
Drusie,Darker
Iris,Ewart
Donny,Albery
Fabiano,Copcott
Matt,Raspin
Rhianon,Halcro
Shelley,Duncklee
Monro,Zmitrovich
Pasquale,Cristoforetti
Amaleta,Eykelbosch
Otho,Wotherspoon
Donnie,Iacomettii
Milissent,Riordan
Salomon,Lordon
Waly,Yegorchenkov
Debi,Ishchenko
Hoyt,Denington
Steven,Shedden
Emiline,Band
Willie,Costelow
Weider,Brunskill
Lowrance,Burbridge
Nanine,Jeffs
Beaufort,Whorlton
Neda,Gillham
Cece,Conningham
Vonny,Sinnott
Darbie,Barosch
Solomon,Ripping
Roman,Cawsby
Nate,Scrooby
Fiorenze,Keppe
Stan,Anstey
Xenia,MacConnulty
Traver,Meadows
Tristam,Hayes
Clayson,Habbin
Ginger,Karslake
Albrecht,Frammingham
Shannah,Gabbot
Andras,Fache
Oneida,Shewery
Tandie,Farnan
Lucienne,Beadnell
Jonis,Goodrick
Bronnie,Koppe
Perla,Raynard
Yancy,Spadotto
Wilmette,Francesch
Arline,Smithson
Rafa,Yellowley
Jobyna,Wimpenny
Fonz,Acres
Stanwood,Kurdani
Cherey,Ellingsworth
Wendell,Rolley
Doug,Matevushev
Decca,Eyes
Tessa,Bingall
Blane,Lippo
Lamont,Staker
Elora,Larter
Sauncho,Groveham
Ulla,OScannill
Bernadina,Yurshev
Conrad,Bowller
Felisha,Grove
Colan,Asbrey
Garrot,Morican
Vladamir,Obispo
Benedikta,Penniell
Lon,Hurdle
Zechariah,Rosenfield
Ingar,Murrum
Eddie,Bader
Nonna,Goldine
Ebba,Corley
Bryant,Wetton
Frasco,Glassopp
Wittie,Stobbe
Kippar,Hovey
Alexandros,Dangerfield
Jerad,Weatherby
Barbe,Braddock
Patrizio,White
Krystal,McGauhy
Milo,Stowell
Giusto,Nottle
Marven,Garley
Loralie,Pachta
Fredrick,Derobert
Gardy,Mulqueeny
Reynard,Corden
Garnet,Winram
Nikolaos,Fedder
Evered,Gever
Jules,MacDonough
Janine,Turton
Cori,Galier
Aluin,Paty
Aggy,Pillinger
Warren,Hoyer
Doreen,Redley
Kathrine,Winwood
Fairlie,Albon
Stewart,Bollon
Zahara,Fawckner
Matthiew,Haking
Rock,Macquire
Olimpia,Brownsell
Fey,Whichelow
Deb,Harmes
Gillan,Fuller
Misti,Drinkwater
Junia,Guidini
Zebulon,Heeps
Orelee,Picardo
Philippine,Kohrt
Amber,Menure
Leann,Graben
Hubie,Hirjak
Gilligan,Kyffin
Heidi,Deehan
Anna-diane,Copo
Marley,Clericoates
Kenneth,Stokoe
Morrie,Patrick
Vannie,Hooban
Jude,McCrorie
Karoly,Basden
Levey,Davenhill
Joane,Drohane
Dorothy,Medlicott
Evelyn,Pollitt
Halsey,Laise
Kendell,Glaysher
Juliette,Castagno
Liliane,Goodsall
Kellen,Scamaden
Bell,Shadrack
Darla,Murrell
Diena,Charnley
Goldy,Beausang
Idette,Wetherell
Laurene,Stokey
Lola,Roset
Rey,Mazin
Calv,Woodley
Monroe,Riseborough
Anna-diane,Collidge
Gwyn,Lidell
Kip,Riquet
Hy,Ettles
Brittany,Halladay
Brade,Bloxsome
Chloette,Gadaud
Valenka,Capinetti
Evangeline,Burridge
Hew,Ruf
Rodney,Romera
Page,Odney
Eduino,Didsbury
Ardis,Kerner
Jaymee,Mil
Heidie,Wilby
Vaclav,Mountford
Marylou,Quidenham
Carmon,Stitle
Andromache,Demkowicz
Horace,Piggot
Micah,Pullinger
Shaylyn,Chesterton
Christopher,Tunna
Hobard,Rockhall
Idette,Brine
Margalit,Dumpleton
Melodie,Sabbins
Maudie,Hazeldene
Sue,Girke
Michaella,Peers
Sterne,Hatzar
Lura,Harnwell
Mirella,Vany
Shae,Barnett
Fawne,Olijve
Percival,Mackinder
Eduino,Outright
Fabien,Goshawke
Terrie,Gibbard
Son,Gorriessen
Xylia,Harpur
Howard,Jelfs
Pascale,Nassau
Eddie,Cawkill
Gladi,Longmate
Bobby,Klimov
Saundra,Mellows
Allyce,Grishankov
Gabi,Pendle
Modestia,Keast
Ursulina,Francomb
Sara,Chimes
Maurie,Letts
Sue,Gegay
Noach,Gawthrop
Hasheem,Venes
Lemmie,Galbraeth
Sidney,Grzegorzewicz
Jessi,Aronstein
Puff,McDiarmid
Myrtice,Elson
Garwood,Cardenoso
Elsworth,Ryland
Uriel,Erasmus
Gib,Tuson
Georgianne,Gallifont
Marj,Swayland
Claire,Basketfield
Andrea,Pavlitschek
Marylee,Bachmann
Murvyn,Wand
Eddy,Daunter
Jess,Mills
Ermentrude,Carillo
Martita,Flew
Glenine,Fulbrook
Sonja,MacMeanma
Pippo,Gammage
Howie,Carde
Gaile,Hansman
Lion,Baglan
Dare,Hoff
Caspar,Batrop
Elke,Treadger
Hollis,Howarth
Lorilyn,Saffen
Gaylord,Fairfoul
Lonnie,Bilbrook
Hilliary,Trethowan
Tandi,Francie
Barbabas,Marquese
Norris,Blanche
Armstrong,Berthouloume
Chris,Gebhard
Culver,Krol
Malorie,Mebius
Yuri,Calles
Domingo,Probbings
Carola,Merman
Ninon,Brangan
Katine,Busson
Devonna,Hewkin
Lavinia,Lehrian
Melba,Wainscot
Caresa,Gudgen
Lexy,Kenen
Jaimie,Tarbett
Irvine,Millett
Ruby,Ioannou
Nicki,Engel
Duffy,Stubbley
Pietrek,Moulds
Annice,Renfrew
Aloin,Kepling
Atalanta,Brumhead
Farr,Pumfrett
Cristina,Goldes
Salomon,Scotts
Ed,Wingeat
Bradly,Blaxter
Dana,Glanz
Andrea,Hayden
Collin,Seckom
Cassie,Allport
Harwilll,Sworne
Briggs,Chenery
Blake,Renhard
Daryl,Moncreiff
Gonzalo,Wharin
Shane,Forshaw
Dniren,Ingerman
Bellina,Jeckells
Cate,Hitcham
Alon,Arundale
Angelique,Cardoso
Shane,Longridge
Ulric,Toquet
Jessi,Bloxland
Poppy,Coit
Kassandra,Gilham
Melli,Frudd
Jared,Baumaier
Bronny,Housaman
Titos,Boreham
Brook,Weeden
Bennie,Cleeton
Paolo,Maunton
Siobhan,Dyer
Felizio,Tchaikovsky
Gerta,McFee
Tabbitha,Climance
Standford,Haly
Vivyanne,Berndtssen
Allyn,Chantillon
Ingeberg,Pennicard
Aleece,Dorie
Howie,Congreave
Sisely,Boteman
Victoria,Schultz
Roxanne,Sager
Kelila,Sline
Rozamond,Strowther
Kelsey,Sherbrooke
Essie,Grubb
Portia,Kruger
Connie,Goncalo
Tiebout,Puffett
Lillian,Pochet
John,Tilt
Wayland,Mincini
Liesa,Wemyss
Emmi,Parrett
Portie,Lassey
Juliette,Lansley
Clay,Vicar
Magdalena,Betts
Sigfrid,Carnson
Pearl,Brokenshire
Nadine,Conway
Lucky,Sparrow
Pammy,Romaint
Merry,Allbrook
Lorine,Kunzel
Stafani,Fischer
Karlyn,Antonov
Kelly,Doyley
Johanna,Djordjevic
Clarance,Elphee
Isac,Skittreal
Winny,Furmston
Viole,De Meyer
Ernesto,Jordi
Sebastien,Grandison
Katy,Weald
Lucita,Tyne
Sissie,Thomason
Fonz,Merlin
Daune,Montfort
Worthington,Yarnall
Monah,Rump
Ethan,Orrett
Gabbie,Blaxley
Deva,Gauthorpp
Marice,Chandler
Elliot,Jumont
Minor,Loreit
Edee,Sulley
Jillayne,Eddy
Joanie,Ewer
Lynelle,De Ferrari
Gabriel,Keirl
Alvira,Aggs
Boniface,Espina
Joel,Liell
Mufinella,Marchent
Lew,Kamien
Lonnard,Gribbins
Charita,Henzer
Meridel,Crossfeld
Claudelle,Rowney
Gustaf,Shayes
Hedi,Littrick
Donnamarie,Luckin
Rollie,Weildish
Lotti,Runge
Jessy,Spikeings
Roshelle,Philot
Eugenia,Beadnall
Kenny,Hanton
Cristian,Egdal
Dona,Blackburn
Barnie,Duffy
Catrina,Hargrave
Jesselyn,Chedzoy
Cesya,Sellar
Eberhard,Lickorish
Wanda,Baudy
Andriette,Taylorson
Jan,Karlowicz
Tabb,Trusty
Robbin,Kordovani
Trista,Akroyd
Minor,Curnick
Pace,Marryatt
Tawnya,Trill
Dimitri,Quested
Joan,Brickell
Reamonn,Schriren
Lyn,Standish-Brooks
Caressa,Kurdani
Alana,Linkleter
Fay,Darbey
Jacky,Gannicleff
Cliff,Wabb
Jennine,Baty
Florance,Leworthy
Earvin,Josephov
Riccardo,Slowey
Mireielle,Carlesso
Sibel,Burnip
Nikaniki,Truesdale
Trey,Bartoszinski
Merwin,Huxter
Reggy,Downs
Shaun,Okenden
Annabell,Ware
Elwood,Mion
Garey,Kliche
Jeannie,Longthorn
Phil,Saunder
Illa,Esmead
Cass,Side
Zorah,Stammler
Eduardo,Tuke
Marianne,Himpson
Catarina,Housbie
Cart,Stranger
Darrick,Newham
Killian,Poetz
Xylina,Viney
Elsi,Miguet
Shela,Carrabot
Godard,Kill
Lincoln,Ibbitt
Mark,Dossantos
Irvine,Redparth
Irvine,OHarney
Smith,Whorf
Larine,Greenside
Juanita,Jahnisch
Hendrik,Sturt
Imogen,Westphal
Ingemar,Cadden
Melloney,Simkins
Waldo,Sivewright
Julienne,Seagar
Amie,Gillies
Ham,Merchant
Pen,Brehat
Urban,Todd
Amery,Odcroft
Jose,Shapero
Florance,Shiers
Justinian,Mc Cahey
Jori,Claire
Gustavo,Orange
Petronilla,Cabrara
Henriette,Pughe
Doralynne,Wherrit
Olag,Meeland
Frederique,Gaenor
Flin,Keneleyside
Angie,Guihen
Bethina,Lightbowne
Jamima,Andren
Reinhard,Lisimore
Lonny,Beggin
Gib,Leman
Drusi,Neubigin
Fawn,Hummerston
Benedicto,Crownshaw
Caritta,Lukasen
Maynord,Penwarden
Michael,Innwood
Jules,Potteridge
Gawain,Deviney
Stoddard,Kivell
Sheila,Jezzard
Marita,Mayworth
Mirabella,Ducker
Editha,McDonagh
Abigael,Ledwitch
Sunny,Waleworke
Adelina,Revening
Dex,Michelin
Tate,Bengall
Ronny,Atley
Drusilla,Bodemeaid
Keven,Diggell
Vincents,Matysik
Sibyl,Miskimmon
Den,Phillps
Benedetta,Espada
Sheree,Huws
Erhard,Semkins
Reed,Veitch
Agna,Claremont
Marcella,Ing
Jerrome,Carss
Cati,Bartel
Luise,Thurling
Edouard,Reiach
Alicia,Marchello
Marney,Valois
Ulises,Bromidge
Alaric,Pinilla
Roma,Colleton
Lorene,Addison
Berry,Bims
Jarrod,Knock
Laverna,Vondruska
Cindee,Yanez
Oralla,Folomkin
Eadith,McEnery
Pat,Batisse
Constantina,Gumbrell
Frasco,Caley
Averell,Garrioch
Lon,Rillatt
Gussy,Redihalgh
Roi,Pifford
Christoforo,Chantler
Axel,Keyson
Taddeusz,Chitson
Ad,Somerscales
Norri,Jaslem
Cassie,Potteril
Lorinda,Lauridsen
Bev,Garrelts
Homerus,Verillo
Alphard,Argabrite
May,Lebell
Miquela,Giottoi
Zondra,Semon
Lillian,Stubbings
Ansell,Witterick
Leela,Usmar
Jasen,Roseblade
Waylon,Naptin
Carlynne,Guilfoyle
Tiffy,Yellowlea
Baudoin,Fontel
Keslie,Sleicht
Harmon,Dottridge
Mady,Van der Veldt
De witt,Calven
Casper,Ottley
Sandra,Wensley
Patrizia,Ludewig
Myles,Scaddon
Pooh,Nelsey
Sile,Bowdon
Prinz,Fenlon
Aldo,Westmoreland
Antonetta,Lamming
Celinda,Phittiplace
Durand,Dominici
Kalil,Snowling
Urbanus,Coytes
Jeri,Best
Reynolds,Feldhorn
Maritsa,Wilbud
Misty,Checcucci
Eileen,Salkild
Zacharia,MacArthur
Estelle,Jamson
Bree,Cornejo
Mercie,Chasteau
Etti,Renny
Vasily,Dachey
Yasmin,Dumphrey
Patric,MacGhee
Karon,Quan
Dewain,Cobbin
Alica,Matschuk
Jannelle,Verne
Jacquenetta,Callingham
Luigi,Thirlaway
Aldridge,Boissier
Manda,Chaloner
Helenelizabeth,Clarabut
Danit,Doone
Patsy,Dickings
Kingsley,Silverston
Paddie,Sangar
Adelaide,Rickaert
Iolanthe,Chesterfield
Genna,Di Batista
Andeee,Cusiter
Jessalin,Powys
Kitti,Swainston
Nadya,Tebbet
Salim,Wrefford
Sarena,Weyland
Jody,Obee
Matilde,Mabson
Andriette,Weedall
Alaric,Bricksey
Robert,Dudny
Gallard,Gages
Linnie,Kristoffersson
Etheline,Prickett
Annetta,Broster
Corabella,Gyorffy
Constancia,Belone
Cynthie,Pawlowicz
Tammie,Wodeland
Noak,Pindell
Christiana,Sorley
Dalis,Racine
Austine,Carwithen
